"conversation_id_str","created_at","favorite_count","full_text","id_str","image_url","in_reply_to_screen_name","lang","location","quote_count","reply_count","retweet_count","tweet_url","user_id_str","username"
"1778611142069485641","Fri Apr 12 02:28:35 +0000 2024","184","keren ya stiap ada pemberitaan SN di portal gede gini tu selalu jadi sorotan sm haters wkwkwkwk panas ya klo SN masih ada? https://t.co/3w2Pt8N1fE","1778611142069485641","https://pbs.twimg.com/media/GK7lZyLbIAAcTVM.jpg","","in","Bali, Indonesia","2","8","27","https://twitter.com/depakariana/status/1778611142069485641","1215029989801725952","depakariana"
"1778631161788731693","Fri Apr 12 03:48:08 +0000 2024","10","UNISEX PARFUME ANTI BAU APEK SAAT PANAS PANAS SAN A thread https://t.co/26gn0FtCmF","1778631161788731693","https://pbs.twimg.com/media/GK73mfeboAEl12k.jpg","","in","","0","1","1","https://twitter.com/Tokoh_Opah/status/1778631161788731693","1665341241524092928","Tokoh_Opah"
"1778641771607838772","Fri Apr 12 04:30:18 +0000 2024","20","bt panas banget https://t.co/narvNwIrLl","1778641771607838772","https://pbs.twimg.com/media/GK8BQthaMAE5fUg.jpg","","in","they/she üè≥Ô∏è‚Äç‚ößÔ∏è","0","3","0","https://twitter.com/karyailmuah/status/1778641771607838772","1032640539915472896","karyailmuah"
"1778612601179840893","Fri Apr 12 02:34:23 +0000 2024","165","makanan yg dipesen youngk di PC Bang: - Jjagyechi (jajangmyeom + telur+ keju) - Galbi Dumplings - Toowoomba Ramen - Sanuki Udon - Curry Rabokki youngk ga bisa makan makanan yg panas jadi dia pesen semuanya dulu baru didiemin bentar sambil dia makan https://t.co/eQVmYZvMDE","1778612601179840893","https://pbs.twimg.com/ext_tw_video_thumb/1778612430282919936/pu/img/2ZH_MiR0O1PrT5-J.jpg","","in","BrianKang YoungK KangYounghyun","15","1","57","https://twitter.com/mrsjungchanwoo/status/1778612601179840893","772455107107561472","mrsjungchanwoo"
"1778598092109140233","Fri Apr 12 01:36:44 +0000 2024","348"," guys tangan ibuku tiba2 kayak melepuh gini padahal ga kena api/panas kira2 ini kenapa ya? https://t.co/h6d6ZGKcrZ","1778598092109140233","https://pbs.twimg.com/media/GK7ZiWEbcAAGwdD.jpg","","in","","6","85","8","https://twitter.com/convomfs/status/1778598092109140233","1284061445148209154","convomfs"
"1778628245359141138","Fri Apr 12 03:36:33 +0000 2024","192","Manajer noona: YoungK itu member yg kerja tanpa hobby apapun.hobby dia ya.. cuma makan banyak Dan problem dia.. terlalu banyak makan (bri tolong) : akutuh gabisa makan yg panas makanya aku pesen semua sekalian terus aku biarin biar dingin gitu Ke PC bang: game Makan Ô∏è https://t.co/2lJStkEkgQ","1778628245359141138","https://pbs.twimg.com/ext_tw_video_thumb/1778627825391824896/pu/img/rZb7Ae9X0ndRjfJr.jpg","","in","","13","0","67","https://twitter.com/lezgetitbribrii/status/1778628245359141138","1507579638377512960","lezgetitbribrii"
"1778601752461541736","Fri Apr 12 01:51:17 +0000 2024","8","Tour de Purbalingga hahahhhaha edan panas banget gak ngotak. Gak bawa energy gel pula lemes banget https://t.co/hLrzZ0reJN","1778601752461541736","https://pbs.twimg.com/ext_tw_video_thumb/1778601673612746753/pu/img/J2wzaRSQF47uMe-b.jpg","","in","Jawa Tengah bagian Barat Daya","0","0","0","https://twitter.com/trial_imbalance/status/1778601752461541736","55484249","trial_imbalance"
"1778628043311096206","Fri Apr 12 03:35:45 +0000 2024","17","Mohon maaf lahir dan batin. Selamat berlebaran dari kota paling panas di Indonesia https://t.co/kiVry67oc3","1778628043311096206","https://pbs.twimg.com/media/GK70xgpacAAyWiq.jpg","","in","","0","2","0","https://twitter.com/ElangHarper/status/1778628043311096206","1580465274360573953","ElangHarper"
"1778594497171263721","Fri Apr 12 01:22:27 +0000 2024","95","Widihh baru juga sehari lewat lebaran&amp; Ramadhan nya TL sudah panas kek knalpot bajaj Netizen Xland mmng gabisa idup sendirian. Jumuah Mubarak everyone https://t.co/w5HXVBFEJu","1778594497171263721","https://pbs.twimg.com/media/GK7WRQWbQAA-O8A.jpg","","in","Queens, NY 11373","1","12","6","https://twitter.com/JoeTirtoDiputro/status/1778594497171263721","1303285512409550848","JoeTirtoDiputro"
"1778632220967858225","Fri Apr 12 03:52:21 +0000 2024","4","Cuaca panas masih belum reda ye. Minum air bebanyak https://t.co/BnSf1epHwn","1778632220967858225","https://pbs.twimg.com/media/GK74lEMbIAAFRJv.jpg","","in","Malaysia","0","1","3","https://twitter.com/khalids/status/1778632220967858225","29955879","khalids"
"1778104150582276465","Wed Apr 10 16:53:59 +0000 2024","350","Capresnya kalah relawannya masih PANAS...ga bisa terima dengan kekalahan . Sekedar berbesar hati aja susah bagaimana bisa mengelola hati untuk iklhas https://t.co/8pFRTIQxnk","1778104150582276465","https://pbs.twimg.com/media/GK0YTUpaIAANa4K.jpg","","in","DKI Jakarta, Indonesia","7","170","40","https://twitter.com/PickB16Win02/status/1778104150582276465","1614470115210457090","PickB16Win02"
"1778370719229112588","Thu Apr 11 10:33:14 +0000 2024","51","Semalam Batu Pahat panas berhenti makan cendol kedai ni. Pastu nampak orang order maggi goreng nampak sedap. Semalam order makan memang sedap. Harini sebelum balik Seremban sanggup redah jem sebab nak detour datang balik kedai ni nak makan maggi goreng dia orang lagi. Dalam https://t.co/woVeYR8eef","1778370719229112588","https://pbs.twimg.com/media/GK4KvY0aYAAnaf9.jpg","","in","Malaysia","0","5","3","https://twitter.com/ELMIELMO/status/1778370719229112588","36950471","ELMIELMO"
"1778398134038831611","Thu Apr 11 12:22:10 +0000 2024","114","My mum reapply sunstick lagi banyak dari anak dia sbb panas gila and kulit pun rasa mcm kering dah. https://t.co/bYlyQpNYXs","1778398134038831611","https://pbs.twimg.com/amplify_video_thumb/1778397797919985664/img/eKWO5v_yPuXp4jEA.jpg","","in","Setia Alam","5","13","15","https://twitter.com/NabellaAnuar/status/1778398134038831611","136917543","NabellaAnuar"
"1778635044187468281","Fri Apr 12 04:03:34 +0000 2024","1","mainan musim panas https://t.co/aFhMbBMnPP","1778635044187468281","https://pbs.twimg.com/ext_tw_video_thumb/1778634659901198336/pu/img/JYwWJTv8jm7VUsxE.jpg","","in","Songpa-gu, Republic of Korea","0","0","0","https://twitter.com/Leejewon921017/status/1778635044187468281","1663814634598711296","Leejewon921017"
"1778418681258926121","Thu Apr 11 13:43:49 +0000 2024","492","Sehat anak gf makin lah bersinar agar agensi bawah tanah itu makin panas karena kalian makin naik ","1778418681258926121","","","in","she/her üáÆüá©","1","2","105","https://twitter.com/fallinlight_16/status/1778418681258926121","927019262551646208","fallinlight_16"
"1777986929122062410","Wed Apr 10 09:08:11 +0000 2024","1334","Selamat Hari Raya Maaf Zahir dan Batin! Baju simple je this year (panas la lol) https://t.co/hFZdOqkXvJ","1777986929122062410","https://pbs.twimg.com/media/GKytq_lbgAA84Ct.jpg","","in","Malaysia","6","83","53","https://twitter.com/nzranasr/status/1777986929122062410","47006105","nzranasr"
"1778451191921603001","Thu Apr 11 15:53:00 +0000 2024","49","Demi gua bukannya ga ikhlas cman panas bgt gf dikata in gagal pdhal dulu tulang punggung soumu itu gf doang satttt","1778451191921603001","","","in","she/her üáÆüá©","0","5","8","https://twitter.com/fallinlight_16/status/1778451191921603001","927019262551646208","fallinlight_16"
"1778380667707150543","Thu Apr 11 11:12:46 +0000 2024","53","Ni bukan posed. Ni betul panas https://t.co/oYjKKMhUIw","1778380667707150543","https://pbs.twimg.com/media/GK4TyOqbEAAEAeE.jpg","","in","","0","3","2","https://twitter.com/nsnees_/status/1778380667707150543","1573251960681074688","nsnees_"
"1776006979162378599","Thu Apr 04 22:00:35 +0000 2024","669","Lepas raya ni nak lunch dekat tempat kerja pun seronok sebab makanan panas lagi https://t.co/YOqZxiEPUy","1776006979162378599","https://pbs.twimg.com/ext_tw_video_thumb/1776006943599108096/pu/img/ldhFpOHbc4MTzKHL.jpg","","in","","14","2","224","https://twitter.com/Hadtapans/status/1776006979162378599","1123094780873822209","Hadtapans"
"1778640087879987614","Fri Apr 12 04:23:37 +0000 2024","0","COK PANAS BGT NJINGG https://t.co/y4CTFgHfqT","1778640087879987614","https://pbs.twimg.com/ext_tw_video_thumb/1778640067877355520/pu/img/srBR3IvEzaikkkk6.jpg","","in","delulu ","0","0","0","https://twitter.com/valyarcy/status/1778640087879987614","1702574290456236032","valyarcy"
"1777262751561421209","Mon Apr 08 09:10:34 +0000 2024","338","no insecure insecure :) *thailand panas bgt bjir https://t.co/R6wKiDfY00","1777262751561421209","https://pbs.twimg.com/media/GKobDGPbIAARyn2.jpg","","in","Bali, Indonesia","0","7","26","https://twitter.com/matsvmoto/status/1777262751561421209","1135465540615491584","matsvmoto"
"1778421528201502810","Thu Apr 11 13:55:08 +0000 2024","1050","Timeline panas sekali hari ini jadi sudah saatnya membuatnya adem sedikit dengan foto sakura yang saya ambil dari perkampungan di pinggiran Tokyo saat musim semi Semoga berkenan dan diberikan rejeki setidaknya sekali untuk mengabadikannya sendiri suatu saat nanti ya https://t.co/kK1qJdJFz4","1778421528201502810","https://pbs.twimg.com/media/GK448uDbQAA7k-Q.jpg","","in","Tokyo-to, Japan","17","27","171","https://twitter.com/kevinpramudya_/status/1778421528201502810","326059312","kevinpramudya_"
"1778472832743391241","Thu Apr 11 17:19:00 +0000 2024","18","Musim panas time raya Penang ni terus teringat dulu waktu tak berapa mampu nak pasang aircond. Kami pakai air cooler. Tak sangka tahan smpai skrg dah 5 tahun guna. Ada dua brand kami pakai https://t.co/BXAdwnUygg","1778472832743391241","https://pbs.twimg.com/media/GK5nnNtbUAApxGm.jpg","","in","Malaysia","0","1","13","https://twitter.com/FamilyHug_/status/1778472832743391241","1744245647086329856","FamilyHug_"
"1778461624464257453","Thu Apr 11 16:34:28 +0000 2024","591","geminifourth five tweets au ada yang panas tapi bukan cuaca (part of mas faris &amp; dek intern universe) https://t.co/vb1ddBC2Vm","1778461624464257453","https://pbs.twimg.com/media/GK5dartbMAIMXEP.jpg","","in","19 ‚Ä¢ any pronouns","7","1","100","https://twitter.com/fourthcil/status/1778461624464257453","1548687701347823616","fourthcil"
"1776034012513104129","Thu Apr 04 23:48:00 +0000 2024","178","DEBAT PANAS DENGAN REFLY HARUN QODARI NGELES &amp; TOLAK JELASKAN SIAPA YANG BAYAR SURVEINYA https://t.co/IZMnwjOFUm","1776034012513104129","https://pbs.twimg.com/media/GKW9halaIAAMZn3.jpg","","in","","4","7","117","https://twitter.com/herculep638/status/1776034012513104129","1722014606712094720","herculep638"
"1778594057142579687","Fri Apr 12 01:20:42 +0000 2024","16","Muslim Bangladesh/Pakistan ni dahsyat kot bab solat jumaat/raya ni. Diorang sanggup berjalan kaki ke masjid tengah panas berkilometer sebab nak pergi solat. Kita ni parking jauh sikit dari masjid pun dah rasa macam tak nak solat dah","1778594057142579687","","","in","","1","2","5","https://twitter.com/pencintaikan/status/1778594057142579687","110937828","pencintaikan"
"1776227676220719549","Fri Apr 05 12:37:33 +0000 2024","291","Penduduk di kawasan yang mengalami gelombang haba perlu mengurangkan aktiviti luar. Buat persiapan raya di dalam rumah sahaja pergi membeli belah persiapan raya pada waktu petang- malam apabila suhu panas sudah reda. Thread. https://t.co/v760TQqmee","1776227676220719549","https://pbs.twimg.com/media/GKZtp_gasAIc0lF.jpg","","in","Kuala lumpur","23","2","345","https://twitter.com/health_malaysia/status/1776227676220719549","1079223001873182720","health_malaysia"
"1778582736229515446","Fri Apr 12 00:35:43 +0000 2024","7","SEMOGA PPW DAPET SERIES LAGI BIAR YANG PANAS TAMBAH PANAS yang panas akuuu karna liat mereka bareng bahagia","1778582736229515446","","","in","…¥·¥Ä Ä·¥Ä·¥†…™·¥õ'Íú± üéÄ","0","2","5","https://twitter.com/its_camaraderie/status/1778582736229515446","1709885089650556928","its_camaraderie"
"1778649945010229476","Fri Apr 12 05:02:47 +0000 2024","0","panas kali","1778649945010229476","","","in","Indonesia","0","0","0","https://twitter.com/kissetak/status/1778649945010229476","1412314731038220289","kissetak"
"1778034800399712512","Wed Apr 10 12:18:25 +0000 2024","7812","Bahana bertanya soalan panas 3 makcik tumbang..! https://t.co/1CsCdAtcJW","1778034800399712512","https://pbs.twimg.com/ext_tw_video_thumb/1778034764337070080/pu/img/DVGUJLnhU1i1uoih.jpg","","in","Instagram @jalalmisai","226","51","3451","https://twitter.com/jllmisai/status/1778034800399712512","1457740102801657860","jllmisai"
"1778515194144329746","Thu Apr 11 20:07:20 +0000 2024","695","Ini sih nomin era pdkt first time video call karena si cantik mau pamer kucing katanya tapi ujungnya selama vc malah saling salting dengan kedua pipi yang memerah sampe semuka-muka panas. https://t.co/ku1J19q27z","1778515194144329746","https://pbs.twimg.com/ext_tw_video_thumb/1778257408479170560/pu/img/ofv7bqgSk8Sv-auR.jpg","","in","NOMINIST ‚Äî AREA 21+üîû","0","0","82","https://twitter.com/fak3butterflies/status/1778515194144329746","1341960000906784768","fak3butterflies"
"1778650042288721947","Fri Apr 12 05:03:10 +0000 2024","0","Tetap semangat jum'atan meski panas terik https://t.co/UkS02coAPr","1778650042288721947","https://pbs.twimg.com/media/GK8Ij0kaAAA0Pd9.jpg","","in","Borneo","0","0","0","https://twitter.com/Wonglanang_88/status/1778650042288721947","1692561137756405760","Wonglanang_88"
"1778104150582276465","Wed Apr 10 21:59:16 +0000 2024","8","@PickB16Win02 Gara2 mereka panas.... https://t.co/aSqH7CYsqF","1778180978223296558","https://pbs.twimg.com/media/GK1eIF_bQAAKKIk.jpg","PickB16Win02","in","","0","2","2","https://twitter.com/Bambangmulyonoo/status/1778180978223296558","1296312516901916672","Bambangmulyonoo"
"1776909563192619496","Sun Apr 07 09:47:07 +0000 2024","3","panas banget ya","1776909563192619496","","","in","didalam sujudku merasa tenang ","0","23","0","https://twitter.com/jsciil/status/1776909563192619496","1336538185984143360","jsciil"
"1775951538764292208","Thu Apr 04 18:20:17 +0000 2024","664","Memanas Smakin Panas ‚ÄºÔ∏è 'Pengunjuk rasa menerobos semua lingkaran keamanan dan mencapai pintu masuk rumah Netanyahu; Media Israel Apa yang terjadi di luar rumah Perdana Menteri saat ini adalah kegilaan Sekalian saja baku Hantam &amp;Bakar pake Molotov ‚ÄºÔ∏è https://t.co/gTeNtrqCJZ","1775951538764292208","https://pbs.twimg.com/ext_tw_video_thumb/1775951446074339328/pu/img/Tm_cG_pv5sKzzEza.jpg","","in","Disini","4","8","247","https://twitter.com/OmJ_JeNggot/status/1775951538764292208","721590341669748736","OmJ_JeNggot"
"1778001725041123718","Wed Apr 10 10:06:59 +0000 2024","6","Dom kalian sekarang hujan apa panas ??","1778001725041123718","","","in","","0","19","0","https://twitter.com/Jess1jee_/status/1778001725041123718","1289242709140443136","Jess1jee_"
"1776500085108715794","Sat Apr 06 06:40:00 +0000 2024","851","‚≠êÔ∏è Kedatangan Jongin di sni membuat Chanyeol Kyungsoo panas Mna Jongin kyk sengaja lgi manas2in mrka berdua https://t.co/DPowNwQMp9","1776500085108715794","https://pbs.twimg.com/ext_tw_video_thumb/593778114070609920/pu/img/ATQmBTBN-bMOh8uT.jpg","","in","Indonesia","27","17","76","https://twitter.com/aeribase/status/1776500085108715794","839092116","aeribase"
"1777514593046466926","Tue Apr 09 01:51:18 +0000 2024","2572","Ramai ramai anak sedara aku ni kan ada sorang yang jenis KAKI DRAMA nak mampos. Girl. Umur 7 tahun. Ya Allahhh kuat drama betul. Mak dia tak bagi pakai baju princess (sbb panas) pun dia merajuk kemain cakap mama dah tak sayang laa. Mama taknak tgk kakak cantik cantik lah. ","1777514593046466926","","","in","Malaysia","117","32","545","https://twitter.com/helmihaqiem/status/1777514593046466926","4506313044","helmihaqiem"
"1778395924697698478","Thu Apr 11 12:13:24 +0000 2024","1678","Kakakku pernah masuk IGD karena matanya kemasukan minyak panas pas gorengin NUGGET buat lakinya yang pemalas itu btw. Masuk dapur = berhadapan sama bahaya segede itu plus bahaya dari pisau setiap hari. Masih mau diadu?","1778395924697698478","","","in","tubirfess@gmail.com","13","7","389","https://twitter.com/tubbirfess/status/1778395924697698478","872572075340292097","tubbirfess"
"1777290343341347038","Mon Apr 08 11:00:12 +0000 2024","287","Zaman panas panas lit ni boleh guna ni best gila harga https://t.co/oQqa4Olc35","1777290343341347038","https://pbs.twimg.com/ext_tw_video_thumb/1777290269139808256/pu/img/CZTWNDCs1oibYiSI.jpg","","in","Ask anonymously üëâüèº","2","1","69","https://twitter.com/AbudiAlsagoff/status/1777290343341347038","81092725","AbudiAlsagoff"
"1775927737192161649","Thu Apr 04 16:45:42 +0000 2024","147","Musim panas nii korang beraya nanti ketibas laa masing-masing kecuali I! sebab I dah ada penyelamat! https://t.co/5sE9OI4Qgu","1775927737192161649","https://pbs.twimg.com/media/GKVc3GNakAAAmcc.jpg","","in","Malaysia","2","1","97","https://twitter.com/ciktiqz/status/1775927737192161649","120477733","ciktiqz"
"1778428826634293475","Thu Apr 11 14:24:08 +0000 2024","11","Aduh Indonya keslomot tuh apaan sihhhh Kayak kalo kamu ga sengaja kepegang wajan panas itu lohh Bukan 'tersulut' deh kayaknya","1778428826634293475","","","in","","1","4","1","https://twitter.com/sxhauell/status/1778428826634293475","1746502446367793152","sxhauell"
"1778106288582566263","Wed Apr 10 17:02:29 +0000 2024","81","Makin panas nih relawan PDIP &amp; 03 ..jika benar terjadi bakal banyak yg jilat ludah sendiri https://t.co/sWq2iH9ig4","1778106288582566263","https://pbs.twimg.com/media/GK0aPh9aIAIM7Lw.jpg","","in","DKI Jakarta, Indonesia","1","34","7","https://twitter.com/PickB16Win02/status/1778106288582566263","1614470115210457090","PickB16Win02"
"1778458510906576977","Thu Apr 11 16:22:05 +0000 2024","40","Dah bersiap cecantik nak beraya rumah orang tiba-tiba peluh mencurah curah pulak Nasib baik ada neck fan ni! My life saviour di waktu panas https://t.co/Q323CuwBw8","1778458510906576977","https://pbs.twimg.com/media/GK5albYaIAE4PSb.jpg","","in","","0","1","38","https://twitter.com/tiqaaa1301/status/1778458510906576977","1426914202740879361","tiqaaa1301"
"1777945281272954893","Wed Apr 10 06:22:42 +0000 2024","1393","the real merasakan terpaan hujan badai dan teriknya panas matahari di krabi selalu bersama. https://t.co/ijypilUBrd","1777945281272954893","https://pbs.twimg.com/ext_tw_video_thumb/1777945254383190016/pu/img/rmzkaDnxCAzHRaz0.jpg","","in","she/her‚Äî23;since 2021.","11","2","311","https://twitter.com/naravitaminz/status/1777945281272954893","2240262336","naravitaminz"
"1778591109557665935","Fri Apr 12 01:08:59 +0000 2024","71","Hasil piala UEFA wakil Italia Liverpool 0-3 Atalanta Menang dan clean sheet di Anfield bukan hal yg sulit buat Atalanta. Sepele. Gianluca Scamacca wajib dibawa ke Jerman musim panas nanti. https://t.co/eWrfhZxRCm","1778591109557665935","https://pbs.twimg.com/media/GK7TL3ZaEAAEmUL.jpg","","in","Indonesia","5","12","13","https://twitter.com/SerieA_Lawas/status/1778591109557665935","984842900","SerieA_Lawas"
"1778623534748856652","Fri Apr 12 03:17:50 +0000 2024","5","Yang bilang Jakarta itu ga enak untuk sepedaan karena panas mungkin belum pernah sepedaan di gunung (tempat yg umumnya lebih dingin) Alias tanjakan itu lebih jahat daripada panas https://t.co/duheFQaUIg","1778623534748856652","https://pbs.twimg.com/media/GK7wqwIa0AAScAf.jpg","","in","Depok, Indonesia","0","2","0","https://twitter.com/EvansElmore/status/1778623534748856652","1135261538732785664","EvansElmore"
"1777594632966160710","Tue Apr 09 07:09:21 +0000 2024","86","Yang dah tahu beraya dekat kawasan panas tu elak elak pakai baccarat rouge atau segala jenis dupe kesian dekat orang sekeliling","1777594632966160710","","","in","","6","3","60","https://twitter.com/izzatdalphia/status/1777594632966160710","101727802","izzatdalphia"
"1778434453335167051","Thu Apr 11 14:46:30 +0000 2024","1050","konteks pada gemes sama hc. mk be like : emang baru tau lu? DIA KEK UDH YG IYA EMANG DIA GEMESIN WOII jadi dia diem aja sambil panas dingin juga pacalnya di puji puji wkwkwk https://t.co/rG7GjBy7Y4","1778434453335167051","https://pbs.twimg.com/amplify_video_thumb/1778422917493301248/img/3FKOQwyWhuQK_Iap.jpg","","in","20+ (RPS MAHAE)","1","1","164","https://twitter.com/kithursun/status/1778434453335167051","1656179806428618753","kithursun"
"1777958974937338146","Wed Apr 10 07:17:07 +0000 2024","374","manis tapi panas https://t.co/wiCox77LUU","1777958974937338146","https://pbs.twimg.com/ext_tw_video_thumb/1761463772806590464/pu/img/fTruqw0g20rQ2HTU.jpg","","in","tawan‚Ä¢newwiee","2","1","50","https://twitter.com/taynewvie/status/1777958974937338146","1907098874","taynewvie"
"1776891356092477645","Sun Apr 07 08:34:46 +0000 2024","116","Tempat korang panas tak? Kulim ni mandi macam pakai water heater https://t.co/rmH9jGVKZo","1776891356092477645","https://pbs.twimg.com/media/GKjJRYeaQAEx2hD.jpg","","in","Check me out ‚Üí","9","13","31","https://twitter.com/thegrxyvibe/status/1776891356092477645","2485368801","thegrxyvibe"
"1776019454222368781","Thu Apr 04 22:50:09 +0000 2024","77","Thumbler Cup with Straw Reka bentuk simple tapi tetap cantik boleh isi air sejuk and panas siap ada straw lagiÔ∏èSiap dapat free gift brush lagi mudah lah nak cuci https://t.co/l6RFbrWc6w","1776019454222368781","https://pbs.twimg.com/media/GKWwR-Eb0AE_ITI.jpg","","in","Perak, Malaysia","0","1","76","https://twitter.com/aimzhariythsa/status/1776019454222368781","1352538599045046272","aimzhariythsa"
"1777932763548856691","Wed Apr 10 05:32:57 +0000 2024","168","Aksesori orang jantan ni lebih pada praktikal. Jalan biasa G-Shock memang lasak praktikal dan banyak fungsi yang boleh diguna. Hujan panas berselut pasir redah aje. Bila datang majlis rasmi belah malam Edifice lebih sesuai. Masih lasak tapi lebih sleek dan padan dengan https://t.co/Ps4L6y2yV4","1777932763548856691","https://pbs.twimg.com/media/GKx8bCWb0AAwyIF.jpg","","in","Kuala Lumpur, Malaysia","1","6","25","https://twitter.com/HezeriSamsuri/status/1777932763548856691","456568207","HezeriSamsuri"
"1778452983463985446","Thu Apr 11 16:00:07 +0000 2024","18","pakai baju kurung ni limit sampai tengahari je kalau musim sekarang berlengas ye panas nak mampos.","1778452983463985446","","","in","","0","0","2","https://twitter.com/thetOxicgall/status/1778452983463985446","1409421553389903874","thetOxicgall"
"1777263316735500639","Mon Apr 08 09:12:49 +0000 2024","204","Lama SP tak hujan panas terik. Tiba2 petang ini hujan. Alhamdulillah untuk segalanya.","1777263316735500639","","","in","","0","8","39","https://twitter.com/taufiqjoharii/status/1777263316735500639","983380054141906946","taufiqjoharii"
"1778631126816641040","Fri Apr 12 03:48:00 +0000 2024","0","madiun lebih panas dari semarang ternyata","1778631126816641040","","","in","","0","2","0","https://twitter.com/Bagusosh1/status/1778631126816641040","1310154795554975746","Bagusosh1"
"1778421619272359962","Thu Apr 11 13:55:30 +0000 2024","162","Kesian gila otw tadi nmpk mama ni dgn anak2 dia korek sampah makan nasi basi dengan panas terik air pun takde. Fed them some good food don't worry :) tak sempat snap gmbr sbb panas sangat. Just thinking about how tough it is for them on the streets dgn cuaca mcm ni lagi. https://t.co/c8XL5tLHkX","1778421619272359962","https://pbs.twimg.com/ext_tw_video_thumb/1778421580818972672/pu/img/nZvProg15YIXdcYP.jpg","","in","NEVERLAND ","5","3","79","https://twitter.com/samantha_cavill/status/1778421619272359962","3467852953","samantha_cavill"
"1778638742733132018","Fri Apr 12 04:18:16 +0000 2024","0","UI panas bgt tolomh rasakan hawa hawa panas ini https://t.co/iF8pZ7HDoW","1778638742733132018","https://pbs.twimg.com/media/GK7-d9faUAAGF9o.jpg","","in","","0","4","0","https://twitter.com/rinlovescookies/status/1778638742733132018","989481146831405056","rinlovescookies"
"1775850014293848193","Thu Apr 04 11:36:51 +0000 2024","1994","Ternyata cuaca di SEA lagi panas-panasnya guys. Apalagi disini hujan tapi cerah. Jaga kesehatan ya terutama yang masih puasa. Sekedar saran dari Rissa : - Olahraga rutin - Makan real food lebih banyak Protein &amp; sayur2an dan buah - Cukup Istirahat dan tidur - MINUM AIR PUTIH https://t.co/rWUE4sNL6N","1775850014293848193","https://pbs.twimg.com/media/GKUWKxBbgAAjDU6.jpg","","in","Indonesia","6","5","132","https://twitter.com/larochefort11/status/1775850014293848193","770967374858031104","larochefort11"
"1778381040069087393","Thu Apr 11 11:14:15 +0000 2024","13","Posing tengah panas mmg mencabar https://t.co/SQqezFnTjo","1778381040069087393","https://pbs.twimg.com/media/GK4UILVasAAkBZ-.jpg","","in","Kuala Lumpur City","0","0","1","https://twitter.com/AyieZack81/status/1778381040069087393","1712394987353366528","AyieZack81"
"1778036001157636395","Wed Apr 10 12:23:11 +0000 2024","80","mau sungkem sama complexion hari ini dipake keliling+panas an gak longsorrr https://t.co/m2mwtR08cV","1778036001157636395","https://pbs.twimg.com/media/GKzaT8Ua4AAJHpR.jpg","","in","khayangan","1","4","14","https://twitter.com/pillowwpiiw/status/1778036001157636395","1217888507567329280","pillowwpiiw"
"1777098087938605253","Sun Apr 07 22:16:15 +0000 2024","272","Sahur makan nasi panas + telur mata + kicap + sambal bilis rangup pedas memang terus berselera I rate sambal bilis ni 10/10 sebab berhantu ya hahaha jangan sampai 1 bekas ni I makan sorang https://t.co/ZDnbHR5htG","1777098087938605253","https://pbs.twimg.com/media/GKmFQ5cbMAA8A8U.jpg","","in","","4","6","202","https://twitter.com/totallyfreaks/status/1777098087938605253","267531728","totallyfreaks"
"1778406658152280272","Thu Apr 11 12:56:03 +0000 2024","20","raya paling panas dalam sejarah https://t.co/BzUyjP6KS3","1778406658152280272","https://pbs.twimg.com/media/GK4rbUXacAAhNhp.jpg","","in","Î∞©ÌÉÑÏÜåÎÖÑÎã®","0","0","0","https://twitter.com/helianthusray/status/1778406658152280272","1216279798164516864","helianthusray"
"1778436333620670535","Thu Apr 11 14:53:58 +0000 2024","10","Pembangkit Listrik Tenaga Panas Trypilska di wilayah Kiev praktis hancur akibat serangan rudal. Setelah pembangkit listrik tenaga nuklir Chernobyl dinonaktifkan Pembangkit Listrik Tenaga Panas Trypilska dengan kapasitas terpasang 1.800 MW menjadi fasilitas pembangkit energi https://t.co/YybtgAmMRO","1778436333620670535","https://pbs.twimg.com/ext_tw_video_thumb/1778436236673433600/pu/img/YC4aV31iBExzjXag.jpg","","in","PADANG,INDONESIA","0","0","1","https://twitter.com/bdleonanda/status/1778436333620670535","215099720","bdleonanda"
"1778640693650657567","Fri Apr 12 04:26:01 +0000 2024","1","Kediri panas bgt saatnya otw ngadem dlu ke malang ahh https://t.co/vI0bDvFLnI","1778640693650657567","https://pbs.twimg.com/media/GK8ARO2bgAAWKAh.jpg","","in","","0","0","0","https://twitter.com/staramidus/status/1778640693650657567","1368158733214261252","staramidus"
"1776470029435068918","Sat Apr 06 04:40:34 +0000 2024","119","INFO BPPTKG: Terjadi Awan Panas Guguran di Gunung #Merapi tanggal 6 April 2024 pada pukul 10.26 WIB dengan Amplitudo max 25 mm estimasi jarak luncur maksimal 1100 meter ke Barat Daya ( Kali Bebeng ) arah angin ke Timur. Visual Gunung Merapi cerah. Masyarakat diimbau untuk https://t.co/9K52xm8W0N","1776470029435068918","https://pbs.twimg.com/media/GKdKEm7bwAAWMMv.jpg","","in","Yogyakarta, Indonesia","4","5","24","https://twitter.com/merapi_uncover/status/1776470029435068918","1279804428724211712","merapi_uncover"
"1778589833449071060","Fri Apr 12 01:03:55 +0000 2024","6","Enak kali jalanan sepi mana anginnya adem pula ga angin panas hahaha https://t.co/gmJoBDcc9a","1778589833449071060","https://pbs.twimg.com/media/GK7SA7DakAANgyw.jpg","","in","Semarang, Jawa Tengah","0","3","0","https://twitter.com/jemappelleharv/status/1778589833449071060","1500512417172058112","jemappelleharv"
"1777322545672569221","Mon Apr 08 13:08:10 +0000 2024","18","Halo.. namaku wawa bisa disingkat jadi ww or w¬≤ or wa2 mau cari teman ^v^ hobiku bengong terus aku akhir-akhir ini dengerin cool about it karena indonesia sangat panas and i m trying to cool about it walaupun aslinya mau mati meleleh oomfs help rt pls aku mau friendsmaxxing :D https://t.co/YF23XQ5T7C","1777322545672569221","https://pbs.twimg.com/media/GKpRbnwbgAAbFDb.jpg","","in","","12","10","16","https://twitter.com/stetoskopink/status/1777322545672569221","1304346073633230848","stetoskopink"
"1778650999147958471","Fri Apr 12 05:06:58 +0000 2024","0","secantik itu langitnyaÔ∏è tp panas https://t.co/SuO70RuJ3v","1778650999147958471","https://pbs.twimg.com/media/GK8Jpjqa0AAYFya.jpg","","in","her.","0","0","0","https://twitter.com/urhoneyylou/status/1778650999147958471","1692528137509519360","urhoneyylou"
